{
  "bootstrap_unit": "sequence_id",
  "paired_across_methods": true,
  "random_synonymous_aggregation": "mean_across_replicates_per_sequence",
  "n_resamples": 1000,
  "random_seed": 320,
  "metrics": [
    "multi_constraint_pass_rate"
  ],
  "per_method": {
    "random_synonymous": {
      "observed_rate": 0.0054137821358723965,
      "ci_lower_2_5": 0.004946843426653403,
      "ci_upper_97_5": 0.0058944244811228175
    },
    "greedy_cai": {
      "observed_rate": 0.2176543435450799,
      "ci_lower_2_5": 0.2141624540674422,
      "ci_upper_97_5": 0.221106644740849
    },
    "native_reference": {
      "observed_rate": 0.00286253730434253,
      "ci_lower_2_5": 0.0023950910530482978,
      "ci_upper_97_5": 0.0033299835556367618
    },
    "factorforge_balanced": {
      "observed_rate": 0.2690379032421788,
      "ci_lower_2_5": 0.26542268104025823,
      "ci_upper_97_5": 0.2731185415270926
    },
    "factorforge_gc_target": {
      "observed_rate": 0.259820939155856,
      "ci_lower_2_5": 0.25606512779909457,
      "ci_upper_97_5": 0.2638817832998356
    },
    "factorforge_high_cai": {
      "observed_rate": 0.0,
      "ci_lower_2_5": 0.0,
      "ci_upper_97_5": 0.0
    },
    "factorforge_assembly_friendly": {
      "observed_rate": 0.6337170351422133,
      "ci_lower_2_5": 0.6299404145603671,
      "ci_upper_97_5": 0.6382854213614308
    }
  },
  "difference_cis": {
    "factorforge_assembly_friendly - greedy_cai": {
      "observed_difference": 0.41606269159713344,
      "ci_lower_2_5": 0.4116369247010577,
      "ci_upper_97_5": 0.42089652232170044
    },
    "factorforge_assembly_friendly - random_synonymous": {
      "observed_difference": 0.6283032530063409,
      "ci_lower_2_5": 0.6244188643238525,
      "ci_upper_97_5": 0.6328650411785803
    },
    "factorforge_assembly_friendly - native_reference": {
      "observed_difference": 0.6308544978378708,
      "ci_lower_2_5": 0.6271783705869216,
      "ci_upper_97_5": 0.6353208680999655
    }
  }
}