{
  "count": 3876,
  "max": 100.0,
  "mean_codon_identity": 99.94221110453546,
  "min": 96.15384615384616,
  "pct_above_90": 100.0,
  "pct_above_95": 100.0,
  "pct_above_99": 98.16821465428276,
  "std": 0.23906941274533677
}
