profile	A	B	C1	C2
A	1.0	0.075527	0.075177	0.074093
B	0.075527	1.0	0.998483	0.998455
C1	0.075177	0.998483	1.0	0.999096
C2	0.074093	0.998455	0.999096	1.0
